scenario_id,round,ue1_base_scale,ue2_base_scale,video_offered_mbps,video_delivered_mbps,video_delivery_ratio,video_gap_mbps,video_worst_delivery_ratio,video_imbalance_mbps,ue1_offered_mbps,ue2_offered_mbps,voice_delivery_ratio,voice_loss_percent,voice_jitter_ms,voice_rtt_p95_ms,label
load-u1-015-u2-015,1,0.15,0.15,3.36,3.36,1.0,0.0,1.0,0.0,1.68,1.68,1.0,0.0,11.01808730666667,40.582189,EQUAL_100
load-u1-015-u2-015,2,0.15,0.15,3.36,3.36,1.0,0.0,1.0,0.0,1.68,1.68,1.0,0.0,11.87529426351351,45.182793,EQUAL_100
load-u1-015-u2-015,3,0.15,0.15,3.048208335964317,3.048208335964317,1.0,0.0,1.0,0.1156227862479221,1.68,1.4662927748581975,1.0,0.0,10.843302236486483,34.616239,EQUAL_100
load-u1-015-u2-025,1,0.15,0.25,4.025708848417849,4.025708848417849,1.0,0.0,1.0,0.8619337344428107,1.68,2.4438212914303294,1.0,0.0,10.080590283783781,38.285876,EQUAL_100
load-u1-015-u2-025,2,0.15,0.25,4.48,4.48,1.0,0.0,1.0,1.12,1.68,2.8,1.0,0.0,10.782639275167785,37.919092,EQUAL_100
load-u1-015-u2-025,3,0.15,0.25,4.48,4.48,1.0,0.0,1.0,1.12,1.68,2.8,1.0,0.0,10.448838219999997,34.499254,EQUAL_100
load-u1-015-u2-040,1,0.15,0.4,5.492021213228366,5.492021213228366,1.0,0.0,1.0,2.328206919348688,1.68,3.910114066288527,1.0,0.0,10.939723266666665,41.076085,LIGHT_85
load-u1-015-u2-040,2,0.15,0.4,5.492045669802503,5.492045669802503,1.0,0.0,1.0,2.3281824627745507,1.68,3.910114066288527,1.0,0.0,13.014499879194634,111.125495,LIGHT_85
load-u1-015-u2-040,3,0.15,0.4,6.16,6.16,1.0,0.0,1.0,2.8,1.68,4.48,1.0,0.0,11.492683006666665,84.454831,LIGHT_85
load-u1-015-u2-055,1,0.15,0.55,6.95836834611186,6.95836834611186,1.0,0.0,1.0,3.79444533618159,1.68,5.376406841146725,1.0,0.0,11.08009193877551,44.408089,MEDIUM_70
load-u1-015-u2-055,2,0.15,0.55,6.958298341067947,6.958298341067947,1.0,0.0,1.0,3.7945153412255026,1.68,5.376406841146725,1.0,0.0,12.457304599999997,66.903006,MEDIUM_70
load-u1-015-u2-055,3,0.15,0.55,7.84,7.84,1.0,0.0,1.0,4.48,1.68,6.16,1.0,0.0,11.440119153333331,86.195321,MEDIUM_70
load-u1-015-u2-075,1,0.15,0.75,8.913382548413596,8.913382548413596,1.0,0.0,1.0,5.749545200168382,1.68,7.331463874290989,1.0,0.0,12.592539395973157,76.732082,LIGHT_85
load-u1-015-u2-075,2,0.15,0.75,8.913382352317718,8.913382352317718,1.0,0.0,1.0,5.749545396264259,1.68,7.331463874290989,1.0,0.0,9.88437423489933,38.062607,LIGHT_85
load-u1-015-u2-075,3,0.15,0.75,8.91338762076249,8.91338762076249,1.0,0.0,1.0,5.749540127819489,1.68,7.331463874290989,1.0,0.0,11.905327630872476,76.109522,LIGHT_85
load-u1-015-u2-100,1,0.15,1.0,11.357193209638861,11.357193209638861,1.0,0.0,1.0,8.193377121803774,1.68,9.775285165721318,1.0,0.0,12.511454722972973,67.810281,STRONG_40
load-u1-015-u2-100,2,0.15,1.0,12.88,12.88,1.0,0.0,1.0,9.52,1.68,11.2,1.0,0.0,12.20220836241611,83.864025,STRONG_40
load-u1-015-u2-100,3,0.15,1.0,11.357251522871714,11.357251522871714,1.0,0.0,1.0,8.193318808570922,1.68,9.775285165721318,1.0,0.0,11.51253459060403,90.978678,STRONG_40
load-u1-025-u2-015,1,0.25,0.15,4.48,4.48,1.0,0.0,1.0,1.12,2.8,1.68,1.0,0.0,9.821243248322146,35.04305,EQUAL_100
load-u1-025-u2-015,2,0.25,0.15,4.102964553029336,4.102964553029336,1.0,0.0,1.0,1.1703790033129413,2.8,1.4662927748581975,1.0,0.0,10.23542749664429,37.463279,EQUAL_100
load-u1-025-u2-015,3,0.25,0.15,4.102853879529804,4.102853879529804,1.0,0.0,1.0,1.170268329813409,2.8,1.4662927748581975,1.0,0.0,11.244361375838928,38.138768,EQUAL_100
load-u1-025-u2-025,1,0.25,0.25,5.6,5.6,1.0,0.0,1.0,0.0,2.8,2.8,1.0,0.0,10.680347846666663,40.135866,EQUAL_100
load-u1-025-u2-025,2,0.25,0.25,5.6,5.6,1.0,0.0,1.0,0.0,2.8,2.8,1.0,0.0,10.95109203333333,38.946041,EQUAL_100
load-u1-025-u2-025,3,0.25,0.25,5.0803677104097815,5.0803677104097815,1.0,0.0,1.0,0.19272512754912302,2.8,2.4438212914303294,1.0,0.0,10.905204275167787,46.170865,EQUAL_100
load-u1-025-u2-040,1,0.25,0.4,6.546724972822981,6.546724972822981,1.0,0.0,1.0,1.2735031597540734,2.8,3.910114066288527,1.0,0.0,9.782988402684563,43.446277,EQUAL_100
load-u1-025-u2-040,2,0.25,0.4,6.5466656801806655,6.5466656801806655,1.0,0.0,1.0,1.2735624523963895,2.8,3.910114066288527,1.0,0.0,11.707132134228196,61.424509,EQUAL_100
load-u1-025-u2-040,3,0.25,0.4,6.546650740658287,6.546650740658287,1.0,0.0,1.0,1.2735773919187672,2.8,3.910114066288527,1.0,0.0,10.244246704697987,35.902059,EQUAL_100
load-u1-025-u2-055,1,0.25,0.55,8.012943382849855,8.012943382849855,1.0,0.0,1.0,2.739870299443595,2.8,5.376406841146725,1.0,0.0,11.532701601351345,43.40084,STRONG_40
load-u1-025-u2-055,2,0.25,0.55,8.012970553218286,8.012970553218286,1.0,0.0,1.0,2.7398431290751635,2.8,5.376406841146725,1.0,0.0,14.090685806666661,96.076539,STRONG_40
load-u1-025-u2-055,3,0.25,0.55,8.96,8.96,1.0,0.0,1.0,3.36,2.8,6.16,1.0,0.0,10.193162852348998,38.578641,STRONG_40
load-u1-025-u2-075,1,0.25,0.75,9.9680095469481,9.9680095469481,1.0,0.0,1.0,4.694918201633878,2.8,7.331463874290989,1.0,0.0,10.55350132885906,43.260136,MEDIUM_70
load-u1-025-u2-075,2,0.25,0.75,9.968036447347185,9.968036447347185,1.0,0.0,1.0,4.694891301234793,2.8,7.331463874290989,1.0,0.0,10.473640519999998,38.839034,MEDIUM_70
load-u1-025-u2-075,3,0.25,0.75,11.199999999999998,11.199999999999998,1.0,0.0,1.0,5.599999999999998,2.8,8.399999999999999,1.0,0.0,11.05098272483222,75.972123,MEDIUM_70
load-u1-025-u2-100,1,0.25,1.0,12.411938207311627,12.411938207311627,1.0,0.0,1.0,7.13863212413101,2.8,9.775285165721318,1.0,0.0,13.810250194630868,103.871862,STRONG_40
load-u1-025-u2-100,2,0.25,1.0,12.411837165649287,12.411837165649287,1.0,0.0,1.0,7.138733165793348,2.8,9.775285165721318,1.0,0.0,12.22659665100671,103.20039,STRONG_40
load-u1-025-u2-100,3,0.25,1.0,12.41188311081994,12.41188311081994,1.0,0.0,1.0,7.138687220622697,2.8,9.775285165721318,1.0,0.0,9.931979560810813,37.892171,STRONG_40
load-u1-040-u2-015,1,0.4,0.15,6.16,6.16,1.0,0.0,1.0,2.8,4.48,1.68,1.0,0.0,12.133891574324318,97.952232,LIGHT_85
load-u1-040-u2-015,2,0.4,0.15,6.16,6.16,1.0,0.0,1.0,2.8,4.48,1.68,1.0,0.0,10.864455939189195,64.142035,LIGHT_85
load-u1-040-u2-015,3,0.4,0.15,5.6847228910042835,5.6847228910042835,1.0,0.0,1.0,2.8,4.48,1.4662927748581975,1.0,0.0,9.859277493243244,35.251193,LIGHT_85
load-u1-040-u2-025,1,0.4,0.25,7.28,7.28,1.0,0.0,1.0,1.68,4.48,2.8,1.0,0.0,10.215030288590603,38.440173,EQUAL_100
load-u1-040-u2-025,2,0.4,0.25,7.28,7.28,1.0,0.0,1.0,1.68,4.48,2.8,1.0,0.0,10.378577579999998,40.797465,EQUAL_100
load-u1-040-u2-025,3,0.4,0.25,6.6622411942884066,6.6622411942884066,1.0,0.0,1.0,1.7745986114277472,4.48,2.4438212914303294,1.0,0.0,11.695243744966444,39.839809,EQUAL_100
load-u1-040-u2-040,1,0.4,0.4,8.128516147319282,8.128516147319282,1.0,0.0,1.0,0.3082880147422273,4.48,3.910114066288527,1.0,0.0,10.171823167785234,43.009676,STRONG_40
load-u1-040-u2-040,2,0.4,0.4,8.128571757455852,8.128571757455852,1.0,0.0,1.0,0.3083436248787977,4.48,3.910114066288527,1.0,0.0,11.049695100671137,44.537971,STRONG_40
load-u1-040-u2-040,3,0.4,0.4,8.128626072965158,8.128626072965158,1.0,0.0,1.0,0.30839794038810303,4.48,3.910114066288527,1.0,0.0,10.889608791946308,71.573718,STRONG_40
load-u1-040-u2-055,1,0.4,0.55,9.594910233570516,9.594910233570516,1.0,0.0,1.0,1.1579034487229354,4.48,5.376406841146725,1.0,0.0,11.830323074324323,71.110943,EQUAL_100
load-u1-040-u2-055,2,0.4,0.55,9.594860912765558,9.594860912765558,1.0,0.0,1.0,1.1579527695278917,4.48,5.376406841146725,1.0,0.0,10.783591222972976,34.74364,EQUAL_100
load-u1-040-u2-055,3,0.4,0.55,9.594816842839402,9.594816842839402,1.0,0.0,1.0,1.15799683945405,4.48,5.376406841146725,1.0,0.0,9.566994873333334,38.713275,EQUAL_100
load-u1-040-u2-075,1,0.4,0.75,11.549933614889868,11.549933614889868,1.0,0.0,1.0,3.1129941336921108,4.48,7.331463874290989,1.0,0.0,10.75794603355704,49.718038,EQUAL_100
load-u1-040-u2-075,2,0.4,0.75,11.5499394218906,11.5499394218906,1.0,0.0,1.0,3.112988326691375,4.48,7.331463874290989,1.0,0.0,11.380128144827587,54.29796,EQUAL_100
load-u1-040-u2-075,3,0.4,0.75,12.879999999999999,12.879999999999999,1.0,0.0,1.0,3.919999999999998,4.48,8.399999999999999,1.0,0.0,9.753906328859065,39.275024,EQUAL_100
load-u1-040-u2-100,1,0.4,1.0,13.993717257591836,13.993717257591836,1.0,0.0,1.0,5.556853073850799,4.48,9.775285165721318,1.0,0.0,12.398602879194632,72.353945,STRONG_40
load-u1-040-u2-100,2,0.4,1.0,13.99384876961941,13.99384876961941,1.0,0.0,1.0,5.556721561823226,4.48,9.775285165721318,1.0,0.0,11.438983194630866,66.698202,STRONG_40
load-u1-040-u2-100,3,0.4,1.0,13.993754151969625,13.993754151969625,1.0,0.0,1.0,5.556816179473011,4.48,9.775285165721318,1.0,0.0,13.815359972972981,106.799803,STRONG_40
load-u1-055-u2-015,1,0.55,0.15,7.84,7.84,1.0,0.0,1.0,4.48,6.16,1.68,1.0,0.0,12.262449939999998,70.08441,LIGHT_85
load-u1-055-u2-015,2,0.55,0.15,7.84,7.84,1.0,0.0,1.0,4.48,6.16,1.68,1.0,0.0,11.459142593333338,48.533588,LIGHT_85
load-u1-055-u2-015,3,0.55,0.15,7.84,7.84,1.0,0.0,1.0,4.48,6.16,1.68,1.0,0.0,11.459143080536913,48.491639,LIGHT_85
load-u1-055-u2-025,1,0.55,0.25,8.96,8.96,1.0,0.0,1.0,3.36,6.16,2.8,1.0,0.0,11.123513517006804,39.940793,EQUAL_100
load-u1-055-u2-025,2,0.55,0.25,8.244186257835956,8.244186257835956,1.0,0.0,1.0,3.36,6.16,2.4438212914303294,1.0,0.0,9.827077013513517,40.5197,EQUAL_100
load-u1-055-u2-025,3,0.55,0.25,8.96,8.96,1.0,0.0,1.0,3.36,6.16,2.8,1.0,0.0,10.548224221476502,38.670732,EQUAL_100
load-u1-055-u2-040,1,0.55,0.4,9.710467475919266,9.710467475919266,1.0,0.0,1.0,1.8902393433422102,6.16,3.910114066288527,1.0,0.0,10.620058406666669,42.414191,STRONG_40
load-u1-055-u2-040,2,0.55,0.4,10.64,10.64,1.0,0.0,1.0,1.68,6.16,4.48,1.0,0.0,12.02370138666666,50.905918,STRONG_40
load-u1-055-u2-040,3,0.55,0.4,10.64,10.64,1.0,0.0,1.0,1.68,6.16,4.48,0.9933333333333333,0.6666666666666666,11.848106222222226,84.325665,STRONG_40
load-u1-055-u2-055,1,0.55,0.55,11.176736534500789,11.176736534500789,1.0,0.0,1.0,0.4239228522073394,6.16,5.376406841146725,1.0,0.0,11.375462228187923,79.864712,LIGHT_85
load-u1-055-u2-055,2,0.55,0.55,11.176754465186972,11.176754465186972,1.0,0.0,1.0,0.42394078289352266,6.16,5.376406841146725,1.0,0.0,12.061190684563758,88.407324,LIGHT_85
load-u1-055-u2-055,3,0.55,0.55,12.32,12.32,1.0,0.0,1.0,0.0,6.16,6.16,1.0,0.0,11.610720648648641,67.100754,LIGHT_85
load-u1-055-u2-075,1,0.55,0.75,13.131805736426443,13.131805736426443,1.0,0.0,1.0,1.5311220121555356,6.16,7.331463874290989,0.9933333333333333,0.6666666666666666,11.297287883561644,65.446813,MEDIUM_70
load-u1-055-u2-075,2,0.55,0.75,13.131918199510206,13.131918199510206,1.0,0.0,1.0,1.531009549071771,6.16,7.331463874290989,1.0,0.0,12.50062222,71.379141,MEDIUM_70
load-u1-055-u2-075,3,0.55,0.75,13.131910943492297,13.131910943492297,1.0,0.0,1.0,1.5310168050896804,6.16,7.331463874290989,1.0,0.0,13.108768425675674,101.304146,MEDIUM_70
load-u1-055-u2-100,1,0.55,1.0,15.575686522305798,15.575686522305798,1.0,0.0,1.0,3.9748838091368377,6.16,9.775285165721318,1.0,0.0,11.25022024832215,42.444631,STRONG_40
load-u1-055-u2-100,2,0.55,1.0,15.575695977273096,15.575695977273096,1.0,0.0,1.0,3.974874354169541,6.16,9.775285165721318,1.0,0.0,13.705361093333337,119.695344,STRONG_40
load-u1-055-u2-100,3,0.55,1.0,15.575633797911685,15.575633797911685,1.0,0.0,1.0,3.9749365335309506,6.16,9.775285165721318,1.0,0.0,13.42406733108108,103.649475,STRONG_40
load-u1-075-u2-015,1,0.75,0.15,9.584965281203736,9.584965281203736,1.0,0.0,1.0,6.719999999999998,8.399999999999999,1.4662927748581975,1.0,0.0,13.211191342281884,95.650921,STRONG_40
load-u1-075-u2-015,2,0.75,0.15,9.584965281203736,9.584965281203736,1.0,0.0,1.0,6.719999999999998,8.399999999999999,1.4662927748581975,1.0,0.0,11.352490953020135,76.096378,STRONG_40
load-u1-075-u2-015,3,0.75,0.15,9.584965281203736,9.584965281203736,1.0,0.0,1.0,6.719999999999998,8.399999999999999,1.4662927748581975,1.0,0.0,10.330466940000008,39.200798,STRONG_40
load-u1-075-u2-025,1,0.75,0.25,10.374942135339563,10.374942135339563,1.0,0.0,1.0,5.599999999999998,8.399999999999999,2.4438212914303294,1.0,0.0,10.41986077181208,49.993613,EQUAL_100
load-u1-075-u2-025,2,0.75,0.25,10.374942135339563,10.374942135339563,1.0,0.0,1.0,5.599999999999998,8.399999999999999,2.4438212914303294,1.0,0.0,11.297425114864863,61.655932,EQUAL_100
load-u1-075-u2-025,3,0.75,0.25,10.374942135339563,10.374942135339563,1.0,0.0,1.0,5.599999999999998,8.399999999999999,2.4438212914303294,1.0,0.0,10.231174628378385,38.748312,EQUAL_100
load-u1-075-u2-040,1,0.75,0.4,11.819687438024294,11.819687438024294,1.0,0.0,1.0,3.9994593054472394,8.399999999999999,3.910114066288527,1.0,0.0,11.828529442176869,59.025761,STRONG_40
load-u1-075-u2-040,2,0.75,0.4,11.819694373211538,11.819694373211538,1.0,0.0,1.0,3.9994662406344843,8.399999999999999,3.910114066288527,1.0,0.0,12.145822416107384,95.45021,STRONG_40
load-u1-075-u2-040,3,0.75,0.4,12.879999999999999,12.879999999999999,1.0,0.0,1.0,3.919999999999998,8.399999999999999,4.48,1.0,0.0,10.690263932885907,58.642077,STRONG_40
load-u1-075-u2-055,1,0.75,0.55,13.286076877736177,13.286076877736177,1.0,0.0,1.0,2.5332631954427276,8.399999999999999,5.376406841146725,1.0,0.0,11.138369074829932,54.168271,EQUAL_100
load-u1-075-u2-055,2,0.75,0.55,13.286077342432794,13.286077342432794,1.0,0.0,1.0,2.5332636601393426,8.399999999999999,5.376406841146725,1.0,0.0,11.379397054054055,58.858867,EQUAL_100
load-u1-075-u2-055,3,0.75,0.55,13.285937654010281,13.285937654010281,1.0,0.0,1.0,2.5331239717168303,8.399999999999999,5.376406841146725,1.0,0.0,10.815605046979861,52.02382,EQUAL_100
load-u1-075-u2-075,1,0.75,0.75,15.241011700773209,15.241011700773209,1.0,0.0,1.0,0.5780839521912327,8.399999999999999,7.331463874290989,1.0,0.0,11.527229664429532,44.740798,MEDIUM_70
load-u1-075-u2-075,2,0.75,0.75,15.241035444084286,15.241035444084286,1.0,0.0,1.0,0.5781076955023082,8.399999999999999,7.331463874290989,1.0,0.0,11.281705892617445,45.010491,MEDIUM_70
load-u1-075-u2-075,3,0.75,0.75,15.241132710111893,15.241132710111893,1.0,0.0,1.0,0.5782049615299171,8.399999999999999,7.331463874290989,1.0,0.0,12.680647630136988,110.965155,MEDIUM_70
load-u1-075-u2-100,1,0.75,1.0,17.68486591039857,17.68486591039857,1.0,0.0,1.0,1.8657044210440628,8.399999999999999,9.775285165721318,1.0,0.0,11.549485657718122,92.973955,STRONG_40
load-u1-075-u2-100,2,0.75,1.0,17.68510350271503,17.68510350271503,1.0,0.0,1.0,1.8654668287276048,8.399999999999999,9.775285165721318,1.0,0.0,14.291656945945945,116.505893,STRONG_40
load-u1-075-u2-100,3,0.75,1.0,17.68494565678639,17.68494565678639,1.0,0.0,1.0,1.865624674656246,8.399999999999999,9.775285165721318,0.9933333333333333,0.6666666666666666,11.700252095890411,78.572766,STRONG_40
load-u1-100-u2-015,1,1.0,0.15,12.88,12.88,1.0,0.0,1.0,9.52,11.2,1.68,1.0,0.0,12.63675195302014,107.870968,MEDIUM_70
load-u1-100-u2-015,2,1.0,0.15,12.384965281203737,12.384965281203737,1.0,0.0,1.0,9.52,11.2,1.4662927748581975,1.0,0.0,12.36352712751677,74.730119,MEDIUM_70
load-u1-100-u2-015,3,1.0,0.15,12.384965281203737,12.384965281203737,1.0,0.0,1.0,9.52,11.2,1.4662927748581975,1.0,0.0,13.418357651006708,104.726925,MEDIUM_70
load-u1-100-u2-025,1,1.0,0.25,14.0,14.0,1.0,0.0,1.0,8.4,11.2,2.8,1.0,0.0,13.141709604026847,97.174209,STRONG_40
load-u1-100-u2-025,2,1.0,0.25,13.174942135339563,13.174942135339563,1.0,0.0,1.0,8.4,11.2,2.4438212914303294,1.0,0.0,12.051061865771814,73.087104,STRONG_40
load-u1-100-u2-025,3,1.0,0.25,13.174942135339563,13.174942135339563,1.0,0.0,1.0,8.4,11.2,2.4438212914303294,1.0,0.0,10.405955281879194,39.907007,STRONG_40
load-u1-100-u2-040,1,1.0,0.4,14.456312900369797,14.456312900369797,1.0,0.0,1.0,6.72,11.2,3.910114066288527,1.0,0.0,14.59348901342282,118.558752,STRONG_40
load-u1-100-u2-040,2,1.0,0.4,14.456286609862138,14.456286609862138,1.0,0.0,1.0,6.72,11.2,3.910114066288527,0.9733333333333334,2.6666666666666665,10.894195534722225,50.220968,STRONG_40
load-u1-100-u2-040,3,1.0,0.4,15.68,15.68,1.0,0.0,1.0,6.72,11.2,4.48,1.0,0.0,12.8396896375839,112.983192,STRONG_40
load-u1-100-u2-055,1,1.0,0.55,15.922589436894137,15.922589436894137,1.0,0.0,1.0,5.169775754600686,11.2,5.376406841146725,1.0,0.0,13.655896738255034,106.187879,STRONG_40
load-u1-100-u2-055,2,1.0,0.55,15.922522287344997,15.922522287344997,1.0,0.0,1.0,5.169708605051545,11.2,5.376406841146725,1.0,0.0,12.291823684563761,100.703734,STRONG_40
load-u1-100-u2-055,3,1.0,0.55,15.92276828967306,15.92276828967306,1.0,0.0,1.0,5.16995460737961,11.2,5.376406841146725,1.0,0.0,13.394707966216217,95.845546,STRONG_40
load-u1-100-u2-075,1,1.0,0.75,17.877546135875246,17.877546135875246,1.0,0.0,1.0,3.214618387293271,11.2,7.331463874290989,1.0,0.0,11.240302716216215,50.395743,STRONG_40
load-u1-100-u2-075,2,1.0,0.75,17.877590022468855,17.877590022468855,1.0,0.0,1.0,3.2146622738868773,11.2,7.331463874290989,1.0,0.0,12.738281167785228,95.086329,STRONG_40
load-u1-100-u2-075,3,1.0,0.75,17.877700669626023,17.877700669626023,1.0,0.0,1.0,3.214772921044045,11.2,7.331463874290989,1.0,0.0,11.589504684563753,75.949562,STRONG_40
load-u1-100-u2-100,1,1.0,1.0,20.321391537988788,20.321391537988788,1.0,0.0,1.0,0.7708212065461538,11.2,9.775285165721318,1.0,0.0,13.22032283221476,119.820804,STRONG_40
load-u1-100-u2-100,2,1.0,1.0,20.321460808500298,20.321460808500298,1.0,0.0,1.0,0.7708904770576619,11.2,9.775285165721318,1.0,0.0,13.084301496644299,98.568519,STRONG_40
load-u1-100-u2-100,3,1.0,1.0,20.321331580678464,20.321331580678464,1.0,0.0,1.0,0.7707612492358256,11.2,9.775285165721318,1.0,0.0,11.671384966442952,89.694509,STRONG_40
